fnEmailListUsesFeature.sql ,call_fnemainusers.py,python
fnEmailListUsesFeature.sql ,list_of_procedures.py,python
fnGetCustomerAttributeBannerContentBlockIdentifier.sql ,list_of_procedures.py,python
fnGetMailingLibraComponents.sql ,list_of_procedures.py,python
fnGetTargetLibraComponents.sql , No Dependencies,
fnIsTestActive.sql ,call_fnemainusers.py,python
fnIsTestActive.sql ,list_of_procedures.py,python
fnIsTestActive.sql ,procedure_call.py,python
fnLogToGraphite.sql , No Dependencies,
fnWeighSeedAndSalt.sql , No Dependencies,
spCancelCleanup.sql , No Dependencies,
spCreateExternalUniqueID.sql ,spLogError.sql,SQL
spCreateExternalUniqueID.sql ,spLogRunTimeStartProcedure.sql,SQL
spLockAsyncListBuild.sql , No Dependencies,
spLogError.sql , No Dependencies,
spLogRunTimeFinishProcedure.sql ,spCancelCleanup.sql,SQL
spLogRunTimeStartProcedure.sql ,spCancelCleanup.sql,SQL
spSetCustomerAttributeStoreDynamicBannerData.sql , No Dependencies,
